date	name	substitute	source
2026-01-01	신정	0	calendar-rule
2026-02-16	설날 연휴	0	calendar-rule
2026-02-17	설날	0	calendar-rule
2026-02-18	설날 연휴	0	calendar-rule
2026-03-01	삼일절	0	calendar-rule
2026-03-02	삼일절 대체공휴일	1	calendar-rule
2026-05-01	노동절	0	calendar-rule
2026-05-05	어린이날	0	calendar-rule
2026-05-24	부처님오신날	0	calendar-rule
2026-05-25	부처님오신날 대체공휴일	1	calendar-rule
2026-06-06	현충일	0	calendar-rule
2026-07-17	제헌절	0	calendar-rule
2026-08-15	광복절	0	calendar-rule
2026-08-17	광복절 대체공휴일	1	calendar-rule
2026-09-24	추석 연휴	0	calendar-rule
2026-09-25	추석	0	calendar-rule
2026-09-26	추석 연휴	0	calendar-rule
2026-10-03	개천절	0	calendar-rule
2026-10-05	개천절 대체공휴일	1	calendar-rule
2026-10-09	한글날	0	calendar-rule
2026-12-25	기독탄신일	0	calendar-rule
2027-01-01	신정	0	calendar-rule
2027-02-06	설날 연휴	0	calendar-rule
2027-02-07	설날	0	calendar-rule
2027-02-08	설날 연휴	0	calendar-rule
2027-02-09	설날 대체공휴일	1	calendar-rule
2027-03-01	삼일절	0	calendar-rule
2027-05-01	노동절	0	calendar-rule
2027-05-03	노동절 대체공휴일	1	calendar-rule
2027-05-05	어린이날	0	calendar-rule
2027-05-13	부처님오신날	0	calendar-rule
2027-06-06	현충일	0	calendar-rule
2027-07-17	제헌절	0	calendar-rule
2027-07-19	제헌절 대체공휴일	1	calendar-rule
2027-08-15	광복절	0	calendar-rule
2027-08-16	광복절 대체공휴일	1	calendar-rule
2027-09-14	추석 연휴	0	calendar-rule
2027-09-15	추석	0	calendar-rule
2027-09-16	추석 연휴	0	calendar-rule
2027-10-03	개천절	0	calendar-rule
2027-10-04	개천절 대체공휴일	1	calendar-rule
2027-10-09	한글날	0	calendar-rule
2027-10-11	한글날 대체공휴일	1	calendar-rule
2027-12-25	기독탄신일	0	calendar-rule
2027-12-27	기독탄신일 대체공휴일	1	calendar-rule
2028-01-01	신정	0	calendar-rule
2028-01-26	설날 연휴	0	calendar-rule
2028-01-27	설날	0	calendar-rule
2028-01-28	설날 연휴	0	calendar-rule
2028-03-01	삼일절	0	calendar-rule
2028-05-01	노동절	0	calendar-rule
2028-05-02	부처님오신날	0	calendar-rule
2028-05-05	어린이날	0	calendar-rule
2028-06-06	현충일	0	calendar-rule
2028-07-17	제헌절	0	calendar-rule
2028-08-15	광복절	0	calendar-rule
2028-10-02	추석 연휴	0	calendar-rule
2028-10-03	개천절·추석	0	calendar-rule
2028-10-04	추석 연휴	0	calendar-rule
2028-10-09	한글날	0	calendar-rule
2028-12-25	기독탄신일	0	calendar-rule
2029-01-01	신정	0	calendar-rule
2029-02-12	설날 연휴	0	calendar-rule
2029-02-13	설날	0	calendar-rule
2029-02-14	설날 연휴	0	calendar-rule
2029-03-01	삼일절	0	calendar-rule
2029-05-01	노동절	0	calendar-rule
2029-05-05	어린이날	0	calendar-rule
2029-05-07	어린이날 대체공휴일	1	calendar-rule
2029-05-20	부처님오신날	0	calendar-rule
2029-05-21	부처님오신날 대체공휴일	1	calendar-rule
2029-06-06	현충일	0	calendar-rule
2029-07-17	제헌절	0	calendar-rule
2029-08-15	광복절	0	calendar-rule
2029-09-21	추석 연휴	0	calendar-rule
2029-09-22	추석	0	calendar-rule
2029-09-23	추석 연휴	0	calendar-rule
2029-09-24	추석 대체공휴일	1	calendar-rule
2029-10-03	개천절	0	calendar-rule
2029-10-09	한글날	0	calendar-rule
2029-12-25	기독탄신일	0	calendar-rule
2030-01-01	신정	0	calendar-rule
2030-02-02	설날 연휴	0	calendar-rule
2030-02-03	설날	0	calendar-rule
2030-02-04	설날 연휴	0	calendar-rule
2030-02-05	설날 대체공휴일	1	calendar-rule
2030-03-01	삼일절	0	calendar-rule
2030-05-01	노동절	0	calendar-rule
2030-05-05	어린이날	0	calendar-rule
2030-05-06	어린이날 대체공휴일	1	calendar-rule
2030-05-09	부처님오신날	0	calendar-rule
2030-06-06	현충일	0	calendar-rule
2030-07-17	제헌절	0	calendar-rule
2030-08-15	광복절	0	calendar-rule
2030-09-11	추석 연휴	0	calendar-rule
2030-09-12	추석	0	calendar-rule
2030-09-13	추석 연휴	0	calendar-rule
2030-10-03	개천절	0	calendar-rule
2030-10-09	한글날	0	calendar-rule
2030-12-25	기독탄신일	0	calendar-rule
2031-01-01	신정	0	calendar-rule
2031-01-22	설날 연휴	0	calendar-rule
2031-01-23	설날	0	calendar-rule
2031-01-24	설날 연휴	0	calendar-rule
2031-03-01	삼일절	0	calendar-rule
2031-03-03	삼일절 대체공휴일	1	calendar-rule
2031-05-01	노동절	0	calendar-rule
2031-05-05	어린이날	0	calendar-rule
2031-05-28	부처님오신날	0	calendar-rule
2031-06-06	현충일	0	calendar-rule
2031-07-17	제헌절	0	calendar-rule
2031-08-15	광복절	0	calendar-rule
2031-09-30	추석 연휴	0	calendar-rule
2031-10-01	추석	0	calendar-rule
2031-10-02	추석 연휴	0	calendar-rule
2031-10-03	개천절	0	calendar-rule
2031-10-09	한글날	0	calendar-rule
2031-12-25	기독탄신일	0	calendar-rule
2032-01-01	신정	0	calendar-rule
2032-02-10	설날 연휴	0	calendar-rule
2032-02-11	설날	0	calendar-rule
2032-02-12	설날 연휴	0	calendar-rule
2032-03-01	삼일절	0	calendar-rule
2032-05-01	노동절	0	calendar-rule
2032-05-03	노동절 대체공휴일	1	calendar-rule
2032-05-05	어린이날	0	calendar-rule
2032-05-16	부처님오신날	0	calendar-rule
2032-05-17	부처님오신날 대체공휴일	1	calendar-rule
2032-06-06	현충일	0	calendar-rule
2032-07-17	제헌절	0	calendar-rule
2032-07-19	제헌절 대체공휴일	1	calendar-rule
2032-08-15	광복절	0	calendar-rule
2032-08-16	광복절 대체공휴일	1	calendar-rule
2032-09-18	추석 연휴	0	calendar-rule
2032-09-19	추석	0	calendar-rule
2032-09-20	추석 연휴	0	calendar-rule
2032-09-21	추석 대체공휴일	1	calendar-rule
2032-10-03	개천절	0	calendar-rule
2032-10-04	개천절 대체공휴일	1	calendar-rule
2032-10-09	한글날	0	calendar-rule
2032-10-11	한글날 대체공휴일	1	calendar-rule
2032-12-25	기독탄신일	0	calendar-rule
2032-12-27	기독탄신일 대체공휴일	1	calendar-rule
2033-01-01	신정	0	calendar-rule
2033-01-30	설날 연휴	0	calendar-rule
2033-01-31	설날	0	calendar-rule
2033-02-01	설날 연휴	0	calendar-rule
2033-02-02	설날 대체공휴일	1	calendar-rule
2033-03-01	삼일절	0	calendar-rule
2033-05-01	노동절	0	calendar-rule
2033-05-02	노동절 대체공휴일	1	calendar-rule
2033-05-05	어린이날	0	calendar-rule
2033-05-06	부처님오신날	0	calendar-rule
2033-06-06	현충일	0	calendar-rule
2033-07-17	제헌절	0	calendar-rule
2033-07-18	제헌절 대체공휴일	1	calendar-rule
2033-08-15	광복절	0	calendar-rule
2033-09-07	추석 연휴	0	calendar-rule
2033-09-08	추석	0	calendar-rule
2033-09-09	추석 연휴	0	calendar-rule
2033-10-03	개천절	0	calendar-rule
2033-10-09	한글날	0	calendar-rule
2033-10-10	한글날 대체공휴일	1	calendar-rule
2033-12-25	기독탄신일	0	calendar-rule
2033-12-26	기독탄신일 대체공휴일	1	calendar-rule
2034-01-01	신정	0	calendar-rule
2034-02-18	설날 연휴	0	calendar-rule
2034-02-19	설날	0	calendar-rule
2034-02-20	설날 연휴	0	calendar-rule
2034-02-21	설날 대체공휴일	1	calendar-rule
2034-03-01	삼일절	0	calendar-rule
2034-05-01	노동절	0	calendar-rule
2034-05-05	어린이날	0	calendar-rule
2034-05-25	부처님오신날	0	calendar-rule
2034-06-06	현충일	0	calendar-rule
2034-07-17	제헌절	0	calendar-rule
2034-08-15	광복절	0	calendar-rule
2034-09-26	추석 연휴	0	calendar-rule
2034-09-27	추석	0	calendar-rule
2034-09-28	추석 연휴	0	calendar-rule
2034-10-03	개천절	0	calendar-rule
2034-10-09	한글날	0	calendar-rule
2034-12-25	기독탄신일	0	calendar-rule
2035-01-01	신정	0	calendar-rule
2035-02-07	설날 연휴	0	calendar-rule
2035-02-08	설날	0	calendar-rule
2035-02-09	설날 연휴	0	calendar-rule
2035-03-01	삼일절	0	calendar-rule
2035-05-01	노동절	0	calendar-rule
2035-05-05	어린이날	0	calendar-rule
2035-05-07	어린이날 대체공휴일	1	calendar-rule
2035-05-15	부처님오신날	0	calendar-rule
2035-06-06	현충일	0	calendar-rule
2035-07-17	제헌절	0	calendar-rule
2035-08-15	광복절	0	calendar-rule
2035-09-15	추석 연휴	0	calendar-rule
2035-09-16	추석	0	calendar-rule
2035-09-17	추석 연휴	0	calendar-rule
2035-09-18	추석 대체공휴일	1	calendar-rule
2035-10-03	개천절	0	calendar-rule
2035-10-09	한글날	0	calendar-rule
2035-12-25	기독탄신일	0	calendar-rule
